ROT,Away Team,Home Team,Pace,AwayOE,HomeOE,pSpread,pTotal,Spread,Total,Spread Delt,Total Delt
501,MIA,CLE,94.9,1.123121817,1.07748234,4.331186361,208.8373345,6.5,204.5,-2.168813639,4.337334549
503,ATL,WAS,100.8,1.08,1.14355187,-6.40602848,224.1340285,-6,229,-0.40602848,-4.86597152
505,DAL,CHO,99.2,1.12,1.150055153,-2.981471173,225.1894712,-2,220,-0.981471173,5.189471173
507,NOP,BKN,98.3,1.142092177,1.11,3.154661004,221.380661,1,230.5,2.154661004,-9.119338996
509,MIN,BOS,99.5,1.058579953,1.146452342,-8.743302653,219.4007134,-6,221.5,-2.743302653,-2.099286628
511,DET,MEM,94.3,1.007462761,1.076101388,-6.472622531,196.4800992,-6,199,-0.472622531,-2.51990081
513,ORL,CHI,96.4,1.035581151,1.037971355,-0.230415718,199.8904615,-2,199.5,1.769584282,0.390461541
515,PHI,PHO,103.7,1.121212199,1.077114398,4.572942034,227.9664681,6,228.5,-1.427057966,-0.533531916
517,OKC,LAL,104.1,1.1,1.06,4.164,224.856,6,230,-1.836,-5.144
