ROT,Away Team,Home Team,Pace,AwayOE,HomeOE,pSpread,pTotal,Spread,Total,Spread Delt,Total Delt
701,HOU,OKC,100.01,1.05,1.03,2.0002,208.0208,3.5,214,-1.4998,-5.9792
703,BOS,PHO,98.2,1.083463073,0.993142801,8.86945071,203.9226968,9.5,214.5,-0.63054929,-10.57730324
705,LAC,POR,102,1.109414055,1.206756929,-9.928973182,236.2494403,-5,227,-4.928973182,9.249440336
707,MIL,GSW,102.9,1.12738866,1.176476638,-5.051152843,237.0677392,-5.5,238.5,0.448847157,-1.432260843
