ROT,Away Team,Home Team,Pace,AwayOE,HomeOE,pSpread,pTotal,Spread,Total,Spread Delt,Total Delt
501,WAS,PHI,102.8,1.07103681,1.176371222,-10.82837754,231.0335457,-8.5,227,-2.328377542,4.03354572
503,IND,CLE,97.6,1.149258607,1.041155129,10.55089943,213.7843807,10.5,208,0.050899426,5.784380664
505,ATL,TOR,100.2,1.061021723,1.189032029,-12.92900933,225.3530093,-14.5,228.5,1.570990673,-3.146990673
507,DEN,MIA,97.9,1.09479632,1.080621824,1.387683153,212.9734363,-1,210,2.387683153,2.973436309
509,MIN,OKC,102.5,1.016928784,1.094483441,-7.949352286,216.4197531,-8,227,0.050647714,-10.58024694
511,SAC,PHO,103.1,1.136133337,1.108165985,2.883433991,231.3872601,2.5,231,0.383433991,0.387260108
513,NYK,GSW,100.4,1.060371413,1.227705342,-16.80032648,229.7229062,-17.5,231,0.699673522,-1.277093751
515,CHO,LAC,100.7,1.117045457,1.183866992,-6.728928575,231.7018836,-6.5,230,-0.228928575,1.701883563
