ROT,Away Team,Home Team,Pace,AwayOE,HomeOE,pSpread,pTotal,Spread,Total,Spread Delt,Total Delt
539,WAS,CLE,97.6,1.157590401,1.085812969,7.005477363,218.956169,8,219,-0.994522637,-0.043831009
541,MIL,DET,100.6,1.101834717,1.035972103,6.62577901,215.0633661,7.5,217.5,-0.87422099,-2.43663393
543,OKC,ORL,99.6,1.131151279,1.056300193,7.455168231,217.8701666,5,221.5,2.455168231,-3.629833386
545,CHI,BKN,100.2,1.062746551,1.148509874,-8.593484995,221.5678937,-7,219,-1.593484995,2.567893749
547,NOP,HOU,101.4,1.107748295,1.197093934,-9.059647823,233.7110021,-10,234.5,0.940352177,-0.788997949
549,PHO,SAS,100.5,1.043744423,1.202514874,-15.95643032,225.7490593,-13.5,223.5,-2.456430318,2.249059344
551,PHI,LAL,103.1,1.140809038,1.094460185,4.778566723,230.4562568,7,231,-2.221433277,-0.543743188
