ROT,Away Team,Home Team,Pace,AwayOE,HomeOE,pSpread,pTotal,Spread,Total,Spread Delt,Total Delt
543,PHI,BKN,99.74468085,1.126277239,1.118331607,0.792534601,223.887793,3.5,229.5,-2.707465399,-5.612207012
545,DEN,SAS,90.81854305,1.12208197,1.159256642,-3.376149507,207.1878489,-4.5,208,1.123850493,-0.812151059
547,GSW,LAC,103.9,1.155281215,1.102589932,5.474624322,234.5928121,8.5,233.5,-3.025375678,1.092812096
549,TOR,ORL,95.21837893,1.134926958,1.094700784,3.830271123,212.3015392,4.5,210,-0.669728877,2.30153925
551,BOS,IND,96.38657718,1.064114265,1.095495403,-3.024720451,208.157384,-3,203.5,-0.024720451,4.657383972
553,POR,OKC,103.6201241,1.089985533,1.142777547,-5.470315053,231.3591874,-8,221.5,2.529684947,9.859187449

