ROT,Away Team,Home Team,Pace,AwayOE,HomeOE,pSpread,pTotal,Spread,Total,Spread Delt,Total Delt
541,POR,TOR,100.7,1.09755808,1.153972721,-5.680954276,226.7291517,-5,227.5,-0.680954276,-0.770848347
543,CHI,ATL,101.1,1.095465395,1.115938083,-2.069788815,223.5728916,-3,229,0.930211185,-5.427108389
545,CHO,BKN,101.9,1.102380789,1.147184388,-4.565486808,229.2306915,-3,229.5,-1.565486808,-0.269308472
547,WAS,BOS,103.5,1.060603217,1.186507441,-13.03108723,232.5759531,-9,232,-4.031087231,0.575953096
549,NOP,PHO,103.3,1.150578614,1.105663537,4.639727504,233.0698142,5.5,236,-0.860272496,-2.930185754
551,LAC,SAC,105.2,1.104128452,1.137502371,-3.510936357,235.8195626,-3,238.5,-0.510936357,-2.680437435
553,MIL,LAL,103.8,1.15434327,1.09483499,6.176959486,233.4647034,4.5,238.5,1.676959486,-5.035296624
