ROT,Away Team,Home Team,Pace,AwayOE,HomeOE,pSpread,pTotal,Spread,Total,Spread Delt,Total Delt
529,MIL,DET,100.7,1.102027164,1.05005243,5.233855695,216.7144151,4,222,1.233855695,-5.285584893
531,PHO,NYK,99.3,1.058020678,1.132767877,-7.422396818,217.5453035,-1.5,221.5,-5.922396818,-3.954696466
533,SAC,MIN,102.8,1.06,1.13,-7.196,225.132,-8,232,0.804,-6.868
535,CHI,OKC,103.1,0.99,1.10211498,-11.55905447,215.6970545,-13,213,1.440945526,2.697054474
537,UTA,HOU,94.2,1.07,1.129894122,-5.642026288,207.2300263,-5.5,212,-0.142026288,-4.769973712
539,PHI,SAS,97.2,1.123717314,1.140623851,-1.643315355,220.0939612,1,224.5,-2.643315355,-4.406038794
541,MEM,GSW,95.5,1.050743379,1.131825578,-7.743349975,208.4353353,-11.5,209.5,3.756650025,-1.064664655
543,POR,LAC,98.9,1.114932896,1.141578522,-2.635252397,223.1689792,-2,218,-0.635252397,5.168979219
