ROT,Away Team,Home Team,Pace,AwayOE,HomeOE,pSpread,pTotal,Spread,Total,Spread Delt,Total Delt
513,WAS,CHO,101.2,1.113335327,1.179912281,-6.737587751,232.076658,-5,232,-1.737587751,0.076658018
515,NOP,IND,100.4,1.067287659,1.143169926,-7.618579611,221.9299414,-6.5,222,-1.118579611,-0.070058557
517,CHI,ORL,98.1,1.036298155,1.119220307,-8.134663137,211.4563612,-8,217,-0.134663137,-5.543638838
519,SAS,TOR,101,1.094970105,1.179598079,-8.547425346,229.7313866,-7.5,226.5,-1.047425346,3.231386557
521,MIN,NYK,100.3,1.134126682,1.092110957,4.214177262,223.2916352,4.5,221.5,-0.285822738,1.791635243
523,DET,ATL,99.5,1.124587902,1.080119909,4.424565217,219.3684272,5,222,-0.575434783,-2.631572812
525,LAC,MEM,99.2,1.093862852,1.092796912,0.105741194,216.9166486,-2.5,216.5,2.605741194,0.416648596
527,DEN,DAL,98.3,1.153903955,1.116669782,3.660119158,223.1973983,4.5,224,-0.839880842,-0.802601655
529,UTA,OKC,103.9,1.051707209,1.087958795,-3.766539841,222.3112978,-4.5,225.5,0.733460159,-3.18870223
