ROT,Away Team,Home Team,Pace,AwayOE,HomeOE,pSpread,pTotal,Spread,Total,Spread Delt,Total Delt
531,DEN,DET,94.2,1.121561028,1.083424453,3.592465407,207.7096324,4,210,-0.407534593,-2.29036764
533,ATL,WAS,103.5,1.070787245,1.155971018,-8.816520495,230.4694802,-7,232,-1.816520495,-1.530519822
535,MIL,BKN,104.1,1.134152966,1.072021537,6.467881745,229.6627658,7,230.5,-0.532118255,-0.837234204
537,IND,NOP,98.3,1.090033595,1.102632691,-1.238491097,215.539096,2,217.5,-3.238491097,-1.960904045
539,HOU,PHO,99.2,1.170335012,1.090684406,7.901340086,224.2931263,8.5,227.5,-0.598659914,-3.206873704
541,SAS,SAC,100.3,1.151520311,1.138037295,1.352346478,229.6426278,1.5,229,-0.147653522,0.642627827
