ROT,Away Team,Home Team,Pace,AwayOE,HomeOE,pSpread,pTotal,Spread,Total,Spread Delt,Total Delt
573,MIN,ORL,100.6,1.089235604,1.095611989,-0.641464309,219.7956678,-1,216.5,0.358535691,3.295667809
575,LAC,IND,101.2,1.063037196,1.134012677,-7.182718747,222.3414472,-4,217,-3.182718747,5.341447151
577,TOR,ATL,100.9,1.149892432,1.090273224,6.015578067,226.0327146,10,233,-3.984421933,-6.967285378
579,MEM,OKC,100.1,1.08822126,1.130447078,-4.226804363,222.0887006,-13.5,212.5,9.273195637,9.588700593
581,LAL,BOS,103.6,1.054232207,1.130647457,-7.916619895,226.3535331,-7.5,227,-0.416619895,-0.646466855
583,SAS,POR,101.9,1.116861542,1.171721301,-5.590209473,233.2065917,-4,226.5,-1.590209473,6.706591681
