ROT,Away Team,Home Team,Pace,AwayOE,HomeOE,pSpread,pTotal,Spread,Total,Spread Delt,Total Delt
501,BOS,CHO,100.7,1.08,1.086443217,-0.648831918,218.1608319,3,217,-3.648831918,1.160831918
503,UTA,IND,100.3,1.051368947,1.07,-1.868694571,212.7733054,2,205.5,-3.868694571,7.273305429
505,PHO,PHI,102,1.025676107,1.149003884,-12.57943323,221.817359,-11.5,222,-1.079433229,-0.182640982
507,CLE,DET,101.5,1.017656877,1.133922385,-11.80094907,218.3852951,-11,213,-0.800949068,5.385295143
509,LAC,ATL,102.415,1.167063598,1.06,10.96491839,228.0847184,7.5,230.5,3.46491839,-2.41528161
511,DEN,MIL,100.54,1.063672511,1.157272478,-9.410540688,223.2938093,-5.5,228,-3.910540688,-4.706190736
513,SAS,NOP,102.25,1.070722203,1.151953428,-8.305892745,227.2685832,-7.5,222.5,-0.805892745,4.768583217
515,DAL,MEM,100.04,1.027403414,1.090784955,-6.340689397,211.9035645,-3,203,-3.340689397,8.90356446
517,OKC,SAC,102.875,1.1,1.04,6.1725,220.1525,2.5,224,3.6725,-3.8475
