ROT,Away Team,Home Team,Pace,AwayOE,HomeOE,pSpread,pTotal,Spread,Total
701,ATL,CHO,103.7,1.051458745,1.196378654,-15.02819462,233.1007383,-11.5,233.5
703,WAS,DAL,105.1,1.085974328,1.151766184,-6.914724078,235.1865277,1,226
705,BKN,PHO,99.7,1.11945351,1.118902923,0.054893572,223.1641364,-1,219
707,MIL,POR,99.1,1.090084851,1.075362473,1.458987658,214.5958298,-1,228
