ROT,Away Team,Home Team,Pace,AwayOE,HomeOE,pSpread,pTotal,Spread,Total,Spread Delt,Total Delt
701,POR,HOU,96.2,1.12,1.143967691,-2.30569187,217.7936919,-6.5,219,4.19430813,-1.20630813
703,PHO,SAS,97.9,1.066243225,1.15,-8.199788281,216.9702117,-12.5,216,4.300211719,0.970211719
705,TOR,LAC,101.53,1.15,1.11,4.0612,229.4578,4,223,0.0612,6.4578
