ROT,Away Team,Home Team,Pace,AwayOE,HomeOE,pSpread,pTotal,Spread,Total,Spread Delt,Total Delt
529,GSW,IND,100.8,1.152019573,1.087895061,6.463750783,225.783395,8.5,228,-2.036249217,-2.216604967
531,NYK,CHO,98.5,1.062964427,1.183214995,-11.84468088,221.2486731,-12,220,0.155319122,1.248673095
533,BKN,BOS,101.6,1.056575174,1.161199447,-10.62982616,225.3259014,-10.5,222,-0.129826162,3.325901424
535,DEN,MEM,96.9,1.118047406,1.066585283,4.986679681,211.6909075,6,208.5,-1.013320319,3.19090754
537,ATL,LAC,103.4,1.094820536,1.176170588,-8.411595406,234.8204822,-6.5,231.5,-1.911595406,3.320482193
