ROT,Away Team,Home Team,Pace,AwayOE,HomeOE,pSpread,pTotal,Spread,Total,Spread Delt,Total Delt
529,SAC,TOR,101.4,1.067503861,1.174876257,-10.88756094,227.3773439,-10,228.5,-0.887560938,-1.122656116
531,POR,OKC,99.9,1.098417901,1.134211925,-3.575823045,223.0397196,-5.5,227.5,1.924176955,-4.460280406
533,LAC,DAL,99.6,1.095743522,1.13327527,-3.738162167,222.0102717,-2,222,-1.738162167,0.010271678
535,MIN,PHO,103.3,1.119682973,1.091755705,2.884886807,228.4416155,5,231.5,-2.115113193,-3.058384534

