ROT,Away Team,Home Team,Pace,AwayOE,HomeOE,pSpread,pTotal,Spread,Total,Spread Delt,Total Delt
581,MEM,CHO,94.7,1.044944615,1.102735513,-5.472798054,203.3853082,-5,205.5,-0.472798054,-2.114691804
583,BOS,NYK,97.1,1.144446311,1.050116227,9.159451169,213.0920225,13,217,-3.840548831,-3.907977524
585,OKC,MIA,99.4,1.12175878,1.079748013,4.17587025,218.8297752,4.5,219.5,-0.32412975,-0.670224813
587,ATL,UTA,100.5,1.036666315,1.147371461,-11.12586712,219.4957965,-11.5,228,0.374132882,-8.504203507
589,HOU,DEN,99.2,1.116314335,1.148929901,-3.235464165,224.7122281,-4.5,227,1.264535835,-2.287771852
