ROT,Away Team,Home Team,Pace,AwayOE,HomeOE,pSpread,pTotal,Spread,Total,Spread Delt,Total Delt
559,DEN,BKN,101.2,1.137044469,1.101007244,3.64696724,226.4908334,2.5,216,1.14696724,10.49083338
561,NOP,CHI,97.1,1.131521608,1.064437688,6.513848642,213.2276476,11.5,212,-4.986151358,1.227647622
563,WAS,MIL,103,1.056205983,1.193669758,-14.15876884,231.7372013,-3.5,224.5,-10.65876884,7.237201329
565,CHO,DAL,95.4,1.087142162,1.147162799,-5.725968807,213.1526932,4,207,-9.725968807,6.152693245
567,PHO,UTA,99.5,0.995471584,1.150154139,-15.39091426,213.4897594,-1,223,-14.39091426,-9.510240595
569,HOU,SAC,101.9,1.14447191,1.163797031,-1.969229804,235.2126051,-2,228,0.030770196,7.21260513
571,SAS,GSW,102.2,1.116962835,1.207674416,-9.2707236,237.5779271,1,205,-10.2707236,32.57792711

