ROT,Away Team,Home Team,Pace,AwayOE,HomeOE,pSpread,pTotal,Spread,Total,Spread Delt,Total Delt
569,IND,ORL,97.5,1.07735991,1.10161,-2.364383693,212.4495662,-3,211,0.635616307,1.449566223
571,DAL,DET,94.8,1.074417644,1.088958814,-1.378502902,205.0880882,-2.5,208,1.121497098,-2.91191181
573,MIL,TOR,104.2,1.096664227,1.107787194,-1.159013131,229.7038381,-3,230.5,1.840986869,-0.79616191
575,BKN,SAS,101.1,1.098492781,1.181605459,-8.402691751,230.5179321,-7.5,227.5,-0.902691751,3.017932054
577,PHI,GSW,103.3,1.106272861,1.196793122,-9.350742987,237.9067161,-9.5,240.5,0.149257013,-2.593283899
579,LAL,LAC,103.5,1.071077473,1.125415356,-5.623970849,227.3370078,-5.5,229.5,-0.123970849,-2.162992196
