ROT,Away Team,Home Team,Pace,AwayOE,HomeOE,pSpread,pTotal,Spread,Total,Spread Delt,Total Delt
559,CLE,ORL,96.1,1.044481596,1.169625302,-12.02631013,212.7756729,-8,211.5,-4.026310126,1.275672948
561,OKC,IND,102.4,1.083281227,1.080707909,0.263507804,221.5924876,-1,218,1.263507804,3.592487576
563,SAC,BOS,101.15,1.05285698,1.149657897,-9.791412756,222.7843798,-8,227,-1.791412756,-4.215620187
565,LAL,TOR,104.7,1.061804959,1.148739202,-9.102015238,231.4439737,-10,232.5,0.897984762,-1.056026342
567,MIN,UTA,98.9,1.057185811,1.146117745,-8.795368277,217.9067218,-8.5,221,-0.295368277,-3.093278248
569,DAL,DEN,98.5,1.060706489,1.168330395,-10.60095471,219.5601331,-11.5,220.5,0.899045288,-0.939866869
