ROT,Away Team,Home Team,Pace,AwayOE,HomeOE,pSpread,pTotal,Spread,Total,Spread Delt,Total Delt
575,SAS,DET,99.6,1.108852403,1.088502623,2.026838115,218.8565606,3.5,213.5,-1.473161885,5.356560645
577,BKN,BOS,98.8,1.054583549,1.168876944,-11.2921875,219.6778967,-9.5,219,-1.792187499,0.677896699
579,MEM,NOP,97.1,1.055625624,1.126947656,-6.925369233,211.9278655,-5.5,215.5,-1.425369233,-3.572134532
581,UTA,MIL,101.2,1.02359277,1.110472595,-8.792238276,215.9674149,-5.5,221.5,-3.292238276,-5.532585057
583,DEN,HOU,97.5,1.143339036,1.153142269,-0.955815277,223.9069272,-1,215.5,0.044184723,8.406927202
585,LAL,DAL,103.1,1.051300813,1.092312096,-4.228263257,221.0064909,-8,222.5,3.771736743,-1.493509061
587,ORL,SAC,101.4,1.063277849,1.146082273,-8.396368622,224.0291164,-5.5,223,-2.896368622,1.029116441
589,NYK,POR,102,1.045264293,1.19218232,-14.98563873,228.2195545,-11.5,221.5,-3.485638727,6.719554505
