ROT,Away Team,Home Team,Pace,AwayOE,HomeOE,pSpread,pTotal,Spread,Total,Spread Delt,Total Delt
537,BOS,MIA,95.2,1.082212738,1.057539051,2.348934962,203.7043703,2.5,212,-0.151065038,-8.295629652
539,LAC,DEN,99.2,1.103256998,1.177431915,-7.358151753,226.2443402,-6,226,-1.358151753,0.244340229
541,OKC,SAS,99.7,1.12,1.14,-1.994,225.322,1.5,223.5,-3.494,1.822
543,DET,SAC,98.9,1.069475482,1.140454463,-7.019821223,218.5620716,-5,224,-2.019821223,-5.437928436
