ROT,Away Team,Home Team,Pace,AwayOE,HomeOE,pSpread,pTotal,Spread,Total,Spread Delt,Total Delt
517,IND,BOS,103.2535497,1.055709527,1.105634843,-5.154966121,223.1664784,-6.5,213,1.345033879,10.16647835
519,POR,ATL,102.9189189,1.14515593,1.106849979,3.942407005,231.7740136,3.5,234.5,0.442407005,-2.725986416
521,DEN,OKC,101.2,1.076833831,1.111041013,-3.461766842,221.4129341,-3.5,219.5,0.038233158,1.912934139
523,GSW,MIN,101.9391481,1.175732075,1.104195045,7.292423904,232.4138282,9.5,228,-2.207576096,4.413828193
525,WAS,UTA,102.5842009,1.044126101,1.171090205,-13.02451115,227.2461945,-12.5,226,-0.524511152,1.246194541
527,CHO,LAL,102.1,1.106527722,1.093117877,1.369145223,224.5838157,2.5,228.5,-1.130854777,-3.916184314
