ROT,Away Team,Home Team,Pace,AwayOE,HomeOE,pSpread,pTotal,Spread,Total,Spread Delt,Total Delt
525,MIL,PHI,103.2535497,1.154706689,1.100062814,5.642174129,232.812955,5,230.5,0.642174129,2.312954965
527,CLE,SAC,102.9189189,1.073578751,1.168300424,-9.748652119,230.731781,-9.5,230,-0.248652119,0.731781016
529,GSW,LAL,101.2,1.176393295,1.041510098,13.65017961,224.4518234,13,228,0.650179609,-3.548176611

