ROT,Away Team,Home Team,Pace,AwayOE,HomeOE,pSpread,pTotal,Spread,Total,Spread Delt,Total Delt
553,CHI,MIA,98.2,0.98507186,1.113342507,-12.59617753,206.0642909,-10,207.5,-2.596177525,-1.435709091
555,DAL,NYK,96.5,1.140310169,1.079611606,5.857411419,214.2224513,6.5,214.5,-0.642588581,-0.277548712
557,CHO,BOS,99.7,1.059258667,1.129632619,-7.016282994,218.2324612,-7.5,216,0.483717006,2.232461177
559,MEM,MIN,95.3,1.03664827,1.105170755,-6.530192806,204.1153531,-5.5,209,-1.030192806,-4.884646854
561,DEN,NOP,100.9,1.147079808,1.106845271,4.059664708,227.4210405,8,227,-3.940335292,0.421040455
563,IND,WAS,101.2,1.109377011,1.108472776,0.091508583,224.4463985,-1,218.5,1.091508583,5.94639848
565,ATL,SAC,101.8,1.103572472,1.154401712,-5.174416688,229.8617719,-5.5,236.5,0.325583312,-6.638228106
567,UTA,POR,100,1.109076415,1.101652645,0.742377011,221.0729061,-1.5,218.5,2.242377011,2.572906084
