ROT,Away Team,Home Team,Pace,AwayOE,HomeOE,pSpread,pTotal,Spread,Total,Spread Delt,Total Delt
545,CLE,IND,98.4,1.004255187,1.171506348,-16.45751427,214.0949351,-12.5,207,-3.95751427,7.094935063
547,LAL,BKN,101.1,1.13,1.113756074,1.642260914,226.8437391,2.5,227.5,-0.857739086,-0.656260914
549,WAS,ATL,104.5,1.12,1.106052358,1.457528588,232.6224714,3.5,235,-2.042471412,-2.377528588
551,DAL,DEN,98,1.031444302,1.141506623,-10.78610746,212.9491906,-5,208,-5.786107461,4.949190619
