ROT,Away Team,Home Team,Pace,AwayOE,HomeOE,pSpread,pTotal,Spread,Total,Spread Delt,Total Delt
559,LAL,HOU,98,1.10993208,1.128448912,-1.814649557,219.3613372,-5.5,224.5,3.685350443,-5.138662777
561,LAC,SAS,95.5,1.145189852,1.146880987,-0.161503386,218.8927651,-2.5,222,2.338496614,-3.10723489
563,CHI,ORL,96.2,1.065851545,1.106887774,-3.947685293,209.0175225,-5,208,1.052314707,1.017522461
565,DAL,PHO,100,1.120532844,1.048708853,7.182399141,216.9241697,7,211.5,0.182399141,5.424169737
