ROT,Away Team,Home Team,Pace,AwayOE,HomeOE,pSpread,pTotal,Spread,Total,Spread Delt,Total Delt
543,LAL,IND,100.2,1.09186204,1.092095492,-0.023391915,218.8325447,2.5,216,-2.523391915,2.832544739
545,BOS,CLE,97.1,1.149349351,1.033511801,11.24782613,211.9558178,11.5,212,-0.252173869,-0.044182189
547,LAC,CHO,99,1.124050805,1.153653618,-2.930678423,225.4927379,-3.5,224.5,0.569321577,0.992737891
549,DET,NYK,94.3,1.087091679,1.070344263,1.579281364,203.4462094,4,207,-2.420718636,-3.553790623
551,ORL,OKC,103.1,1.071718036,1.117810073,-4.752088981,225.740348,-1,223,-3.752088981,2.740348019
553,TOR,PHI,102.6,1.108941589,1.128670123,-2.024147566,229.5789616,-2,228,-0.024147566,1.578961577
555,MIN,MEM,93.2,1.058709624,1.074634873,-1.484233202,198.8277071,1,205,-2.484233202,-6.172292881
557,MIA,POR,99.5,1.047232569,1.125286204,-7.766336753,216.1656179,-6.5,211.5,-1.266336753,4.665617887
